{"cameraMode":{"drawMode":0,"name":"Shaded","section":"Shading Mode"},"sceneLighting":true,"audioPlay":false,"sceneViewState":{"showFog":true,"showMaterialUpdate":false,"showSkybox":true,"showFlares":true,"showImageEffects":true,"showParticleSystems":true},"in2DMode":false,"pivot":{"x":-4.183742523193359,"y":13.528038024902344,"z":14.429972648620606},"rotation":{"x":-0.12348765879869461,"y":0.6519493460655212,"z":-0.10876607894897461,"w":-0.7401909232139587},"size":20.22369956970215,"orthographic":false}