{"cameraMode":{"drawMode":0,"name":"Shaded","section":"Shading Mode"},"sceneLighting":false,"audioPlay":false,"sceneViewState":{"showFog":true,"showMaterialUpdate":false,"showSkybox":false,"showFlares":true,"showImageEffects":true,"showParticleSystems":true},"in2DMode":false,"pivot":{"x":1.1706359386444092,"y":0.5459142327308655,"z":1.5906856060028077},"rotation":{"x":0.4046631455421448,"y":-0.32707658410072329,"z":0.15611781179904939,"w":0.8399063348770142},"size":1.5390851497650147,"orthographic":false}