{"cameraMode":{"drawMode":0,"name":"Shaded","section":"Shading Mode"},"sceneLighting":false,"audioPlay":false,"sceneViewState":{"showFog":true,"showMaterialUpdate":false,"showSkybox":false,"showFlares":true,"showImageEffects":true,"showParticleSystems":true},"in2DMode":false,"pivot":{"x":1.268810510635376,"y":0.5299999713897705,"z":0.8805327415466309},"rotation":{"x":-0.3642480969429016,"y":0.09780639410018921,"z":-0.03850024193525314,"w":-0.9253643751144409},"size":0.8660253882408142,"orthographic":false}