{"cameraMode":{"drawMode":0,"name":"Shaded","section":"Shading Mode"},"sceneLighting":false,"audioPlay":false,"sceneViewState":{"showFog":true,"showMaterialUpdate":false,"showSkybox":false,"showFlares":true,"showImageEffects":true,"showParticleSystems":true},"in2DMode":false,"pivot":{"x":7.925394535064697,"y":-4.54443359375,"z":7.795748233795166},"rotation":{"x":-0.17416930198669434,"y":-0.38526734709739687,"z":0.07429522275924683,"w":-0.9031863212585449},"size":13.91782283782959,"orthographic":false}