{"cameraMode":{"drawMode":0,"name":"Shaded","section":"Shading Mode"},"sceneLighting":true,"audioPlay":false,"sceneViewState":{"showFog":true,"showMaterialUpdate":false,"showSkybox":true,"showFlares":true,"showImageEffects":true,"showParticleSystems":true},"in2DMode":false,"pivot":{"x":2.4442598819732668,"y":1.353388786315918,"z":2.959176778793335},"rotation":{"x":-0.41606032848358157,"y":0.5835586190223694,"z":-0.47900310158729555,"w":-0.5068899393081665},"size":9.385490417480469,"orthographic":false}